{"cameraMode":{"drawMode":0,"name":"Shaded","section":"Shading Mode"},"sceneLighting":false,"audioPlay":false,"sceneViewState":{"showFog":true,"showMaterialUpdate":false,"showSkybox":false,"showFlares":true,"showImageEffects":true,"showParticleSystems":true},"in2DMode":false,"pivot":{"x":-3.579946517944336,"y":-1.1240346431732178,"z":4.394274711608887},"rotation":{"x":-0.2477990835905075,"y":0.026144301518797876,"z":-0.006690583657473326,"w":-0.9684406518936157},"size":6.4698100090026859,"orthographic":false}