{"cameraMode":{"drawMode":0,"name":"Shaded","section":"Shading Mode"},"sceneLighting":false,"audioPlay":false,"sceneViewState":{"showFog":true,"showMaterialUpdate":false,"showSkybox":false,"showFlares":true,"showImageEffects":true,"showParticleSystems":true},"in2DMode":false,"pivot":{"x":-0.019500017166137697,"y":1.2070000171661378,"z":1.5770000219345093},"rotation":{"x":0.01141080167144537,"y":-0.9354066848754883,"z":0.35208994150161745,"w":0.030316200107336046},"size":1.6367143392562867,"orthographic":false}