{"cameraMode":{"drawMode":0,"name":"Shaded","section":"Shading Mode"},"sceneLighting":false,"audioPlay":false,"sceneViewState":{"showFog":true,"showMaterialUpdate":true,"showSkybox":false,"showFlares":true,"showImageEffects":true,"showParticleSystems":true},"in2DMode":false,"pivot":{"x":-3.579946517944336,"y":-1.1240346431732178,"z":4.394274711608887},"rotation":{"x":0.14475108683109284,"y":0.7658855319023132,"z":-0.18524159491062165,"w":0.5984677076339722},"size":6.4698100090026859,"orthographic":false}